{"auction_dp": {"values": [10000, 20000, 30000, 40000, 50000], "times": [0.0005694007873535156, 0.0010347986221313477, 0.0014091563224792481, 0.0016624188423156737, 0.0026260948181152342]}, "auction_brute_force": {"values": [100, 20000, 3000000, 400000000, 50000000000], "times": [2.1450519561767578e-05, 0.0005513048171997071, 0.0063245010375976565, 0.05262748003005981, 0.3945121741294861]}, "auction_greedy": {"values": [1, 1.3862943611198906, 3.295836866004329, 5.545177444479562, 8.047189562170502], "times": [2.624988555908203e-06, 4.601478576660156e-06, 3.445148468017578e-06, 5.712509155273438e-06, 3.3593177795410156e-06]}}