{"auction_dp": {"values": [10000, 20000, 30000, 40000, 50000], "times": [0.000267470383644104, 0.0007247642517089844, 0.0008951171875, 0.0010576953172683715, 0.0012868308067321777]}, "auction_brute_force": {"values": [100, 20000, 3000000, 400000000, 50000000000], "times": [1.532161235809326e-05, 0.00030286593437194823, 0.004306037545204163, 0.03408773727416992, 0.36164903063774106]}, "auction_greedy": {"values": [1, 1.3862943611198906, 3.295836866004329, 5.545177444479562, 8.047189562170502], "times": [1.727914810180664e-06, 2.045750617980957e-06, 2.3048162460327147e-06, 2.35443115234375e-06, 2.715563774108887e-06]}}