{
    "auction_dp": [
        4.963874816894531e-06,
        0.07408751487731934,
        0.10999413013458252,
        0.12934962272644043,
        0.1561461353302002
    ],
    "auction_brute_force": [
        3.62396240234375e-06,
        0.00028638362884521486,
        0.07213772773742676,
        6.858441514968872,
        506.30105180740355
    ],
    "auction_greedy": [
        1.6736984252929686e-06,
        1.983642578125e-06,
        2.322196960449219e-06,
        2.32696533203125e-06,
        2.388954162597656e-06
    ]
}