{
    "transform_string_dp": {
        "values": [
            1,
            2,
            4,
            9,
            16,
            25
        ],
        "times": [
            8.630752563476563e-06,
            9.756088256835938e-06,
            1.3413429260253906e-05,
            1.8963813781738283e-05,
            2.762317657470703e-05,
            3.8170814514160155e-05
        ]
    },
    "transform_string_brute_force": {
        "values": [
            4,
            4,
            16,
            64,
            256,
            1024
        ],
        "times": [
            5.679130554199219e-06,
            1.1734962463378906e-05,
            2.1190643310546874e-05,
            0.00017212867736816407,
            0.0009204721450805664,
            0.003020377159118652
        ]
    },
    "transform_string_greedy": {
        "values": [
            2,
            3,
            4,
            6,
            8,
            10
        ],
        "times": [
            9.298324584960937e-07,
            9.870529174804687e-07,
            1.5163421630859376e-06,
            1.6117095947265624e-06,
            2.040863037109375e-06,
            2.856254577636719e-06
        ]
    }
}