{"transform_string_dp": {"values": [1, 2, 4, 9, 16, 25], "times": [5.50537109375e-06, 6.771779060363769e-06, 1.1793994903564452e-05, 1.4830589294433594e-05, 1.885573863983154e-05, 2.7611923217773436e-05]}, "transform_string_brute_force": {"values": [4, 4, 16, 64, 256, 1024], "times": [3.4172296524047853e-06, 8.307743072509765e-06, 1.8625783920288087e-05, 9.879598617553711e-05, 0.0005556160926818847, 0.0019458637475967407]}, "transform_string_greedy": {"values": [2, 3, 4, 6, 8, 10], "times": [4.5952796936035156e-07, 5.757331848144531e-07, 9.155988693237305e-07, 1.0347366333007812e-06, 1.178145408630371e-06, 1.8203020095825195e-06]}}