{"transform_string_dp": [7.767677307128906e-06, 9.22679901123047e-06, 1.3151168823242187e-05, 1.7671585083007814e-05, 2.717018127441406e-05, 3.8328170776367185e-05], "transform_string_brute_force": [5.803108215332031e-06, 1.0676383972167969e-05, 1.9974708557128907e-05, 0.0001428985595703125, 0.0007768917083740234, 0.0025688123703002928], "transform_string_greedy": [9.059906005859375e-07, 9.775161743164062e-07, 1.2874603271484376e-06, 1.6927719116210937e-06, 1.9884109497070312e-06, 3.2329559326171876e-06]}